run_id	scout_nms_iou	roi_merge_iou	final_nms_iou	sniper_score_bonus	cfg	json	log
1	0.45	0.25	0.45	0.0	configs/experiment/arch4_sr_sniper_nms_overnight/run_001_scout0.45_roi0.25_final0.45_bonus0.0.yaml	iac_runs/arch4_sr_sniper_nms_overnight/results/run_001_scout0.45_roi0.25_final0.45_bonus0.0.json	iac_runs/arch4_sr_sniper_nms_overnight/logs/run_001_scout0.45_roi0.25_final0.45_bonus0.0.log
2	0.45	0.25	0.45	0.05	configs/experiment/arch4_sr_sniper_nms_overnight/run_002_scout0.45_roi0.25_final0.45_bonus0.05.yaml	iac_runs/arch4_sr_sniper_nms_overnight/results/run_002_scout0.45_roi0.25_final0.45_bonus0.05.json	iac_runs/arch4_sr_sniper_nms_overnight/logs/run_002_scout0.45_roi0.25_final0.45_bonus0.05.log
3	0.45	0.25	0.50	0.0	configs/experiment/arch4_sr_sniper_nms_overnight/run_003_scout0.45_roi0.25_final0.50_bonus0.0.yaml	iac_runs/arch4_sr_sniper_nms_overnight/results/run_003_scout0.45_roi0.25_final0.50_bonus0.0.json	iac_runs/arch4_sr_sniper_nms_overnight/logs/run_003_scout0.45_roi0.25_final0.50_bonus0.0.log
4	0.45	0.25	0.50	0.05	configs/experiment/arch4_sr_sniper_nms_overnight/run_004_scout0.45_roi0.25_final0.50_bonus0.05.yaml	iac_runs/arch4_sr_sniper_nms_overnight/results/run_004_scout0.45_roi0.25_final0.50_bonus0.05.json	iac_runs/arch4_sr_sniper_nms_overnight/logs/run_004_scout0.45_roi0.25_final0.50_bonus0.05.log
5	0.45	0.25	0.55	0.0	configs/experiment/arch4_sr_sniper_nms_overnight/run_005_scout0.45_roi0.25_final0.55_bonus0.0.yaml	iac_runs/arch4_sr_sniper_nms_overnight/results/run_005_scout0.45_roi0.25_final0.55_bonus0.0.json	iac_runs/arch4_sr_sniper_nms_overnight/logs/run_005_scout0.45_roi0.25_final0.55_bonus0.0.log
6	0.45	0.25	0.55	0.05	configs/experiment/arch4_sr_sniper_nms_overnight/run_006_scout0.45_roi0.25_final0.55_bonus0.05.yaml	iac_runs/arch4_sr_sniper_nms_overnight/results/run_006_scout0.45_roi0.25_final0.55_bonus0.05.json	iac_runs/arch4_sr_sniper_nms_overnight/logs/run_006_scout0.45_roi0.25_final0.55_bonus0.05.log
7	0.45	0.30	0.45	0.0	configs/experiment/arch4_sr_sniper_nms_overnight/run_007_scout0.45_roi0.30_final0.45_bonus0.0.yaml	iac_runs/arch4_sr_sniper_nms_overnight/results/run_007_scout0.45_roi0.30_final0.45_bonus0.0.json	iac_runs/arch4_sr_sniper_nms_overnight/logs/run_007_scout0.45_roi0.30_final0.45_bonus0.0.log
8	0.45	0.30	0.45	0.05	configs/experiment/arch4_sr_sniper_nms_overnight/run_008_scout0.45_roi0.30_final0.45_bonus0.05.yaml	iac_runs/arch4_sr_sniper_nms_overnight/results/run_008_scout0.45_roi0.30_final0.45_bonus0.05.json	iac_runs/arch4_sr_sniper_nms_overnight/logs/run_008_scout0.45_roi0.30_final0.45_bonus0.05.log
9	0.45	0.30	0.50	0.0	configs/experiment/arch4_sr_sniper_nms_overnight/run_009_scout0.45_roi0.30_final0.50_bonus0.0.yaml	iac_runs/arch4_sr_sniper_nms_overnight/results/run_009_scout0.45_roi0.30_final0.50_bonus0.0.json	iac_runs/arch4_sr_sniper_nms_overnight/logs/run_009_scout0.45_roi0.30_final0.50_bonus0.0.log
10	0.45	0.30	0.50	0.05	configs/experiment/arch4_sr_sniper_nms_overnight/run_010_scout0.45_roi0.30_final0.50_bonus0.05.yaml	iac_runs/arch4_sr_sniper_nms_overnight/results/run_010_scout0.45_roi0.30_final0.50_bonus0.05.json	iac_runs/arch4_sr_sniper_nms_overnight/logs/run_010_scout0.45_roi0.30_final0.50_bonus0.05.log
11	0.45	0.30	0.55	0.0	configs/experiment/arch4_sr_sniper_nms_overnight/run_011_scout0.45_roi0.30_final0.55_bonus0.0.yaml	iac_runs/arch4_sr_sniper_nms_overnight/results/run_011_scout0.45_roi0.30_final0.55_bonus0.0.json	iac_runs/arch4_sr_sniper_nms_overnight/logs/run_011_scout0.45_roi0.30_final0.55_bonus0.0.log
12	0.45	0.30	0.55	0.05	configs/experiment/arch4_sr_sniper_nms_overnight/run_012_scout0.45_roi0.30_final0.55_bonus0.05.yaml	iac_runs/arch4_sr_sniper_nms_overnight/results/run_012_scout0.45_roi0.30_final0.55_bonus0.05.json	iac_runs/arch4_sr_sniper_nms_overnight/logs/run_012_scout0.45_roi0.30_final0.55_bonus0.05.log
13	0.45	0.35	0.45	0.0	configs/experiment/arch4_sr_sniper_nms_overnight/run_013_scout0.45_roi0.35_final0.45_bonus0.0.yaml	iac_runs/arch4_sr_sniper_nms_overnight/results/run_013_scout0.45_roi0.35_final0.45_bonus0.0.json	iac_runs/arch4_sr_sniper_nms_overnight/logs/run_013_scout0.45_roi0.35_final0.45_bonus0.0.log
14	0.45	0.35	0.45	0.05	configs/experiment/arch4_sr_sniper_nms_overnight/run_014_scout0.45_roi0.35_final0.45_bonus0.05.yaml	iac_runs/arch4_sr_sniper_nms_overnight/results/run_014_scout0.45_roi0.35_final0.45_bonus0.05.json	iac_runs/arch4_sr_sniper_nms_overnight/logs/run_014_scout0.45_roi0.35_final0.45_bonus0.05.log
15	0.45	0.35	0.50	0.0	configs/experiment/arch4_sr_sniper_nms_overnight/run_015_scout0.45_roi0.35_final0.50_bonus0.0.yaml	iac_runs/arch4_sr_sniper_nms_overnight/results/run_015_scout0.45_roi0.35_final0.50_bonus0.0.json	iac_runs/arch4_sr_sniper_nms_overnight/logs/run_015_scout0.45_roi0.35_final0.50_bonus0.0.log
16	0.45	0.35	0.50	0.05	configs/experiment/arch4_sr_sniper_nms_overnight/run_016_scout0.45_roi0.35_final0.50_bonus0.05.yaml	iac_runs/arch4_sr_sniper_nms_overnight/results/run_016_scout0.45_roi0.35_final0.50_bonus0.05.json	iac_runs/arch4_sr_sniper_nms_overnight/logs/run_016_scout0.45_roi0.35_final0.50_bonus0.05.log
17	0.45	0.35	0.55	0.0	configs/experiment/arch4_sr_sniper_nms_overnight/run_017_scout0.45_roi0.35_final0.55_bonus0.0.yaml	iac_runs/arch4_sr_sniper_nms_overnight/results/run_017_scout0.45_roi0.35_final0.55_bonus0.0.json	iac_runs/arch4_sr_sniper_nms_overnight/logs/run_017_scout0.45_roi0.35_final0.55_bonus0.0.log
18	0.45	0.35	0.55	0.05	configs/experiment/arch4_sr_sniper_nms_overnight/run_018_scout0.45_roi0.35_final0.55_bonus0.05.yaml	iac_runs/arch4_sr_sniper_nms_overnight/results/run_018_scout0.45_roi0.35_final0.55_bonus0.05.json	iac_runs/arch4_sr_sniper_nms_overnight/logs/run_018_scout0.45_roi0.35_final0.55_bonus0.05.log
19	0.50	0.25	0.45	0.0	configs/experiment/arch4_sr_sniper_nms_overnight/run_019_scout0.50_roi0.25_final0.45_bonus0.0.yaml	iac_runs/arch4_sr_sniper_nms_overnight/results/run_019_scout0.50_roi0.25_final0.45_bonus0.0.json	iac_runs/arch4_sr_sniper_nms_overnight/logs/run_019_scout0.50_roi0.25_final0.45_bonus0.0.log
20	0.50	0.25	0.45	0.05	configs/experiment/arch4_sr_sniper_nms_overnight/run_020_scout0.50_roi0.25_final0.45_bonus0.05.yaml	iac_runs/arch4_sr_sniper_nms_overnight/results/run_020_scout0.50_roi0.25_final0.45_bonus0.05.json	iac_runs/arch4_sr_sniper_nms_overnight/logs/run_020_scout0.50_roi0.25_final0.45_bonus0.05.log
21	0.50	0.25	0.50	0.0	configs/experiment/arch4_sr_sniper_nms_overnight/run_021_scout0.50_roi0.25_final0.50_bonus0.0.yaml	iac_runs/arch4_sr_sniper_nms_overnight/results/run_021_scout0.50_roi0.25_final0.50_bonus0.0.json	iac_runs/arch4_sr_sniper_nms_overnight/logs/run_021_scout0.50_roi0.25_final0.50_bonus0.0.log
22	0.50	0.25	0.50	0.05	configs/experiment/arch4_sr_sniper_nms_overnight/run_022_scout0.50_roi0.25_final0.50_bonus0.05.yaml	iac_runs/arch4_sr_sniper_nms_overnight/results/run_022_scout0.50_roi0.25_final0.50_bonus0.05.json	iac_runs/arch4_sr_sniper_nms_overnight/logs/run_022_scout0.50_roi0.25_final0.50_bonus0.05.log
23	0.50	0.25	0.55	0.0	configs/experiment/arch4_sr_sniper_nms_overnight/run_023_scout0.50_roi0.25_final0.55_bonus0.0.yaml	iac_runs/arch4_sr_sniper_nms_overnight/results/run_023_scout0.50_roi0.25_final0.55_bonus0.0.json	iac_runs/arch4_sr_sniper_nms_overnight/logs/run_023_scout0.50_roi0.25_final0.55_bonus0.0.log
24	0.50	0.25	0.55	0.05	configs/experiment/arch4_sr_sniper_nms_overnight/run_024_scout0.50_roi0.25_final0.55_bonus0.05.yaml	iac_runs/arch4_sr_sniper_nms_overnight/results/run_024_scout0.50_roi0.25_final0.55_bonus0.05.json	iac_runs/arch4_sr_sniper_nms_overnight/logs/run_024_scout0.50_roi0.25_final0.55_bonus0.05.log
25	0.50	0.30	0.45	0.0	configs/experiment/arch4_sr_sniper_nms_overnight/run_025_scout0.50_roi0.30_final0.45_bonus0.0.yaml	iac_runs/arch4_sr_sniper_nms_overnight/results/run_025_scout0.50_roi0.30_final0.45_bonus0.0.json	iac_runs/arch4_sr_sniper_nms_overnight/logs/run_025_scout0.50_roi0.30_final0.45_bonus0.0.log
26	0.50	0.30	0.45	0.05	configs/experiment/arch4_sr_sniper_nms_overnight/run_026_scout0.50_roi0.30_final0.45_bonus0.05.yaml	iac_runs/arch4_sr_sniper_nms_overnight/results/run_026_scout0.50_roi0.30_final0.45_bonus0.05.json	iac_runs/arch4_sr_sniper_nms_overnight/logs/run_026_scout0.50_roi0.30_final0.45_bonus0.05.log
27	0.50	0.30	0.50	0.0	configs/experiment/arch4_sr_sniper_nms_overnight/run_027_scout0.50_roi0.30_final0.50_bonus0.0.yaml	iac_runs/arch4_sr_sniper_nms_overnight/results/run_027_scout0.50_roi0.30_final0.50_bonus0.0.json	iac_runs/arch4_sr_sniper_nms_overnight/logs/run_027_scout0.50_roi0.30_final0.50_bonus0.0.log
28	0.50	0.30	0.50	0.05	configs/experiment/arch4_sr_sniper_nms_overnight/run_028_scout0.50_roi0.30_final0.50_bonus0.05.yaml	iac_runs/arch4_sr_sniper_nms_overnight/results/run_028_scout0.50_roi0.30_final0.50_bonus0.05.json	iac_runs/arch4_sr_sniper_nms_overnight/logs/run_028_scout0.50_roi0.30_final0.50_bonus0.05.log
29	0.50	0.30	0.55	0.0	configs/experiment/arch4_sr_sniper_nms_overnight/run_029_scout0.50_roi0.30_final0.55_bonus0.0.yaml	iac_runs/arch4_sr_sniper_nms_overnight/results/run_029_scout0.50_roi0.30_final0.55_bonus0.0.json	iac_runs/arch4_sr_sniper_nms_overnight/logs/run_029_scout0.50_roi0.30_final0.55_bonus0.0.log
30	0.50	0.30	0.55	0.05	configs/experiment/arch4_sr_sniper_nms_overnight/run_030_scout0.50_roi0.30_final0.55_bonus0.05.yaml	iac_runs/arch4_sr_sniper_nms_overnight/results/run_030_scout0.50_roi0.30_final0.55_bonus0.05.json	iac_runs/arch4_sr_sniper_nms_overnight/logs/run_030_scout0.50_roi0.30_final0.55_bonus0.05.log
31	0.50	0.35	0.45	0.0	configs/experiment/arch4_sr_sniper_nms_overnight/run_031_scout0.50_roi0.35_final0.45_bonus0.0.yaml	iac_runs/arch4_sr_sniper_nms_overnight/results/run_031_scout0.50_roi0.35_final0.45_bonus0.0.json	iac_runs/arch4_sr_sniper_nms_overnight/logs/run_031_scout0.50_roi0.35_final0.45_bonus0.0.log
32	0.50	0.35	0.45	0.05	configs/experiment/arch4_sr_sniper_nms_overnight/run_032_scout0.50_roi0.35_final0.45_bonus0.05.yaml	iac_runs/arch4_sr_sniper_nms_overnight/results/run_032_scout0.50_roi0.35_final0.45_bonus0.05.json	iac_runs/arch4_sr_sniper_nms_overnight/logs/run_032_scout0.50_roi0.35_final0.45_bonus0.05.log
33	0.50	0.35	0.50	0.0	configs/experiment/arch4_sr_sniper_nms_overnight/run_033_scout0.50_roi0.35_final0.50_bonus0.0.yaml	iac_runs/arch4_sr_sniper_nms_overnight/results/run_033_scout0.50_roi0.35_final0.50_bonus0.0.json	iac_runs/arch4_sr_sniper_nms_overnight/logs/run_033_scout0.50_roi0.35_final0.50_bonus0.0.log
34	0.50	0.35	0.50	0.05	configs/experiment/arch4_sr_sniper_nms_overnight/run_034_scout0.50_roi0.35_final0.50_bonus0.05.yaml	iac_runs/arch4_sr_sniper_nms_overnight/results/run_034_scout0.50_roi0.35_final0.50_bonus0.05.json	iac_runs/arch4_sr_sniper_nms_overnight/logs/run_034_scout0.50_roi0.35_final0.50_bonus0.05.log
35	0.50	0.35	0.55	0.0	configs/experiment/arch4_sr_sniper_nms_overnight/run_035_scout0.50_roi0.35_final0.55_bonus0.0.yaml	iac_runs/arch4_sr_sniper_nms_overnight/results/run_035_scout0.50_roi0.35_final0.55_bonus0.0.json	iac_runs/arch4_sr_sniper_nms_overnight/logs/run_035_scout0.50_roi0.35_final0.55_bonus0.0.log
36	0.50	0.35	0.55	0.05	configs/experiment/arch4_sr_sniper_nms_overnight/run_036_scout0.50_roi0.35_final0.55_bonus0.05.yaml	iac_runs/arch4_sr_sniper_nms_overnight/results/run_036_scout0.50_roi0.35_final0.55_bonus0.05.json	iac_runs/arch4_sr_sniper_nms_overnight/logs/run_036_scout0.50_roi0.35_final0.55_bonus0.05.log
37	0.55	0.25	0.45	0.0	configs/experiment/arch4_sr_sniper_nms_overnight/run_037_scout0.55_roi0.25_final0.45_bonus0.0.yaml	iac_runs/arch4_sr_sniper_nms_overnight/results/run_037_scout0.55_roi0.25_final0.45_bonus0.0.json	iac_runs/arch4_sr_sniper_nms_overnight/logs/run_037_scout0.55_roi0.25_final0.45_bonus0.0.log
38	0.55	0.25	0.45	0.05	configs/experiment/arch4_sr_sniper_nms_overnight/run_038_scout0.55_roi0.25_final0.45_bonus0.05.yaml	iac_runs/arch4_sr_sniper_nms_overnight/results/run_038_scout0.55_roi0.25_final0.45_bonus0.05.json	iac_runs/arch4_sr_sniper_nms_overnight/logs/run_038_scout0.55_roi0.25_final0.45_bonus0.05.log
39	0.55	0.25	0.50	0.0	configs/experiment/arch4_sr_sniper_nms_overnight/run_039_scout0.55_roi0.25_final0.50_bonus0.0.yaml	iac_runs/arch4_sr_sniper_nms_overnight/results/run_039_scout0.55_roi0.25_final0.50_bonus0.0.json	iac_runs/arch4_sr_sniper_nms_overnight/logs/run_039_scout0.55_roi0.25_final0.50_bonus0.0.log
40	0.55	0.25	0.50	0.05	configs/experiment/arch4_sr_sniper_nms_overnight/run_040_scout0.55_roi0.25_final0.50_bonus0.05.yaml	iac_runs/arch4_sr_sniper_nms_overnight/results/run_040_scout0.55_roi0.25_final0.50_bonus0.05.json	iac_runs/arch4_sr_sniper_nms_overnight/logs/run_040_scout0.55_roi0.25_final0.50_bonus0.05.log
41	0.55	0.25	0.55	0.0	configs/experiment/arch4_sr_sniper_nms_overnight/run_041_scout0.55_roi0.25_final0.55_bonus0.0.yaml	iac_runs/arch4_sr_sniper_nms_overnight/results/run_041_scout0.55_roi0.25_final0.55_bonus0.0.json	iac_runs/arch4_sr_sniper_nms_overnight/logs/run_041_scout0.55_roi0.25_final0.55_bonus0.0.log
42	0.55	0.25	0.55	0.05	configs/experiment/arch4_sr_sniper_nms_overnight/run_042_scout0.55_roi0.25_final0.55_bonus0.05.yaml	iac_runs/arch4_sr_sniper_nms_overnight/results/run_042_scout0.55_roi0.25_final0.55_bonus0.05.json	iac_runs/arch4_sr_sniper_nms_overnight/logs/run_042_scout0.55_roi0.25_final0.55_bonus0.05.log
43	0.55	0.30	0.45	0.0	configs/experiment/arch4_sr_sniper_nms_overnight/run_043_scout0.55_roi0.30_final0.45_bonus0.0.yaml	iac_runs/arch4_sr_sniper_nms_overnight/results/run_043_scout0.55_roi0.30_final0.45_bonus0.0.json	iac_runs/arch4_sr_sniper_nms_overnight/logs/run_043_scout0.55_roi0.30_final0.45_bonus0.0.log
44	0.55	0.30	0.45	0.05	configs/experiment/arch4_sr_sniper_nms_overnight/run_044_scout0.55_roi0.30_final0.45_bonus0.05.yaml	iac_runs/arch4_sr_sniper_nms_overnight/results/run_044_scout0.55_roi0.30_final0.45_bonus0.05.json	iac_runs/arch4_sr_sniper_nms_overnight/logs/run_044_scout0.55_roi0.30_final0.45_bonus0.05.log
45	0.55	0.30	0.50	0.0	configs/experiment/arch4_sr_sniper_nms_overnight/run_045_scout0.55_roi0.30_final0.50_bonus0.0.yaml	iac_runs/arch4_sr_sniper_nms_overnight/results/run_045_scout0.55_roi0.30_final0.50_bonus0.0.json	iac_runs/arch4_sr_sniper_nms_overnight/logs/run_045_scout0.55_roi0.30_final0.50_bonus0.0.log
46	0.55	0.30	0.50	0.05	configs/experiment/arch4_sr_sniper_nms_overnight/run_046_scout0.55_roi0.30_final0.50_bonus0.05.yaml	iac_runs/arch4_sr_sniper_nms_overnight/results/run_046_scout0.55_roi0.30_final0.50_bonus0.05.json	iac_runs/arch4_sr_sniper_nms_overnight/logs/run_046_scout0.55_roi0.30_final0.50_bonus0.05.log
47	0.55	0.30	0.55	0.0	configs/experiment/arch4_sr_sniper_nms_overnight/run_047_scout0.55_roi0.30_final0.55_bonus0.0.yaml	iac_runs/arch4_sr_sniper_nms_overnight/results/run_047_scout0.55_roi0.30_final0.55_bonus0.0.json	iac_runs/arch4_sr_sniper_nms_overnight/logs/run_047_scout0.55_roi0.30_final0.55_bonus0.0.log
48	0.55	0.30	0.55	0.05	configs/experiment/arch4_sr_sniper_nms_overnight/run_048_scout0.55_roi0.30_final0.55_bonus0.05.yaml	iac_runs/arch4_sr_sniper_nms_overnight/results/run_048_scout0.55_roi0.30_final0.55_bonus0.05.json	iac_runs/arch4_sr_sniper_nms_overnight/logs/run_048_scout0.55_roi0.30_final0.55_bonus0.05.log
49	0.55	0.35	0.45	0.0	configs/experiment/arch4_sr_sniper_nms_overnight/run_049_scout0.55_roi0.35_final0.45_bonus0.0.yaml	iac_runs/arch4_sr_sniper_nms_overnight/results/run_049_scout0.55_roi0.35_final0.45_bonus0.0.json	iac_runs/arch4_sr_sniper_nms_overnight/logs/run_049_scout0.55_roi0.35_final0.45_bonus0.0.log
50	0.55	0.35	0.45	0.05	configs/experiment/arch4_sr_sniper_nms_overnight/run_050_scout0.55_roi0.35_final0.45_bonus0.05.yaml	iac_runs/arch4_sr_sniper_nms_overnight/results/run_050_scout0.55_roi0.35_final0.45_bonus0.05.json	iac_runs/arch4_sr_sniper_nms_overnight/logs/run_050_scout0.55_roi0.35_final0.45_bonus0.05.log
51	0.55	0.35	0.50	0.0	configs/experiment/arch4_sr_sniper_nms_overnight/run_051_scout0.55_roi0.35_final0.50_bonus0.0.yaml	iac_runs/arch4_sr_sniper_nms_overnight/results/run_051_scout0.55_roi0.35_final0.50_bonus0.0.json	iac_runs/arch4_sr_sniper_nms_overnight/logs/run_051_scout0.55_roi0.35_final0.50_bonus0.0.log
52	0.55	0.35	0.50	0.05	configs/experiment/arch4_sr_sniper_nms_overnight/run_052_scout0.55_roi0.35_final0.50_bonus0.05.yaml	iac_runs/arch4_sr_sniper_nms_overnight/results/run_052_scout0.55_roi0.35_final0.50_bonus0.05.json	iac_runs/arch4_sr_sniper_nms_overnight/logs/run_052_scout0.55_roi0.35_final0.50_bonus0.05.log
53	0.55	0.35	0.55	0.0	configs/experiment/arch4_sr_sniper_nms_overnight/run_053_scout0.55_roi0.35_final0.55_bonus0.0.yaml	iac_runs/arch4_sr_sniper_nms_overnight/results/run_053_scout0.55_roi0.35_final0.55_bonus0.0.json	iac_runs/arch4_sr_sniper_nms_overnight/logs/run_053_scout0.55_roi0.35_final0.55_bonus0.0.log
54	0.55	0.35	0.55	0.05	configs/experiment/arch4_sr_sniper_nms_overnight/run_054_scout0.55_roi0.35_final0.55_bonus0.05.yaml	iac_runs/arch4_sr_sniper_nms_overnight/results/run_054_scout0.55_roi0.35_final0.55_bonus0.05.json	iac_runs/arch4_sr_sniper_nms_overnight/logs/run_054_scout0.55_roi0.35_final0.55_bonus0.05.log
